BEGIN TRANSACTION;
CREATE TABLE IF NOT EXISTS "Trade" (
	"Id"	INTEGER NOT NULL PRIMARY KEY AUTOINCREMENT,
	"Pair"	INTEGER NOT NULL,
	"Timestamp"	datetime NOT NULL,
	"TradeDirection"	INTEGER NOT NULL,
	"Price"	REAL NOT NULL,
	"Amount"	REAL NOT NULL,
	FOREIGN KEY("Pair") REFERENCES "Pair"("Id")
);
CREATE TABLE IF NOT EXISTS "Pair" (
	"Id"	INTEGER NOT NULL PRIMARY KEY AUTOINCREMENT,
	"Ticker"	TEXT NOT NULL,
	"BaseCurrency"	INTEGER NOT NULL,
	"QuoteCurrency"	INTEGER NOT NULL,
	FOREIGN KEY("BaseCurrency") REFERENCES "Currency"("Id")
);
CREATE TABLE IF NOT EXISTS "TradeDirection" (
	"Id"	INTEGER NOT NULL PRIMARY KEY AUTOINCREMENT,
	"Direction"	TEXT NOT NULL
);
CREATE TABLE IF NOT EXISTS "Currency" (
	"Id"	INTEGER NOT NULL PRIMARY KEY AUTOINCREMENT,
	"Ticker"	TEXT NOT NULL
);
INSERT INTO "Pair" VALUES (1,'BTCUSD',2,1);
INSERT INTO "Pair" VALUES (2,'BTCEUR',3,1);
INSERT INTO "TradeDirection" VALUES (1,'Sell');
INSERT INTO "TradeDirection" VALUES (2,'Buy');
INSERT INTO "Currency" VALUES (1,'BTC');
INSERT INTO "Currency" VALUES (2,'USD');
INSERT INTO "Currency" VALUES (3,'EUR');
INSERT INTO "Currency" VALUES (4,'ETH');
INSERT INTO main.Trade
    ("Id", "Pair", "Timestamp", "TradeDirection", "Price", "Amount")
VALUES (1, 1, '2016-05-05 04:50:46.067000000', 2, 447.43000000000001, 1377),
       (2, 1, '2016-05-05 04:51:29.800000000', 2, 447.41000000000003, 100),
       (3, 1, '2016-05-05 04:57:51.067000000', 2, 447.20999999999998, 833),
       (4, 1, '2016-05-05 04:59:25.037000000', 1, 445.94, 1541),
       (5, 1, '2016-05-05 05:19:25.040000000', 1, 446.00999999999999, 1395),
       (6, 1, '2016-05-05 05:20:49.027000000', 2, 447.35000000000002, 557),
       (7, 1, '2016-05-05 05:32:50.453000000', 1, 445.89999999999998, 462),
       (8, 1, '2016-05-05 05:51:14.033000000', 2, 447.26999999999998, 686),
       (9, 1, '2016-05-05 05:52:40.037000000', 2, 447.26999999999998, 1143),
       (10, 1, '2016-05-05 05:57:42.030000000', 1, 445.95999999999998, 3497),
       (11, 1, '2016-05-05 05:58:38.027000000', 1, 445.88999999999999, 2332),
       (12, 1, '2016-05-05 06:03:00.347000000', 2, 447.13999999999999, 620),
       (13, 1, '2016-05-05 06:13:52.077000000', 2, 447.12, 1075),
       (14, 1, '2016-05-05 06:13:58.027000000', 2, 447.12, 526),
       (15, 1, '2016-05-05 06:16:04.030000000', 1, 445.82999999999998, 829),
       (16, 1, '2016-05-05 06:16:32.077000000', 2, 447.17000000000002, 693),
       (17, 1, '2016-05-05 06:17:58.027000000', 1, 445.63999999999999, 1924),
       (18, 1, '2016-05-05 06:19:09.027000000', 2, 446.97000000000003, 1415),
       (19, 1, '2016-05-05 06:37:01.073000000', 2, 447.25999999999999, 1664),
       (20, 1, '2016-05-05 06:48:41.070000000', 1, 445.95999999999998, 1832),
       (21, 1, '2016-05-05 06:49:36.070000000', 2, 447.31, 2504),
       (22, 1, '2016-05-05 06:49:51.070000000', 2, 447.31999999999999, 1085),
       (23, 1, '2016-05-05 06:51:51.070000000', 1, 445.98000000000002, 498),
       (24, 1, '2016-05-05 06:54:52.027000000', 1, 445.88, 837),
       (25, 1, '2016-05-05 07:04:22.030000000', 1, 446.10000000000002, 716),
       (26, 1, '2016-05-05 07:04:39.027000000', 2, 447.44, 3357),
       (27, 1, '2016-05-05 07:06:13.027000000', 2, 447.47000000000003, 902),
       (28, 1, '2016-05-05 07:07:34.067000000', 1, 446.16000000000003, 637),
       (29, 1, '2016-05-05 07:15:30.133000000', 2, 447.54000000000002, 2368),
       (30, 1, '2016-05-05 07:16:39.027000000', 2, 447.50999999999999, 695),
       (31, 1, '2016-05-05 07:18:46.073000000', 1, 446.17000000000002, 2030),
       (32, 1, '2016-05-05 07:21:20.040000000', 1, 446.22000000000003, 1946),
       (33, 1, '2016-05-05 07:22:19.027000000', 1, 446.23000000000002, 4018),
       (34, 1, '2016-05-05 07:32:59.030000000', 1, 446.38999999999999, 1462),
       (35, 1, '2016-05-05 07:33:18.027000000', 2, 447.73000000000002, 1374),
       (36, 1, '2016-05-05 07:34:30.137000000', 2, 447.69, 2492),
       (37, 1, '2016-05-05 07:41:37.030000000', 2, 447.86000000000001, 3254),
       (38, 1, '2016-05-05 07:43:56.083000000', 1, 446.50999999999999, 459),
       (39, 1, '2016-05-05 07:46:38.043000000', 2, 447.83999999999997, 2652),
       (40, 1, '2016-05-05 07:47:49.043000000', 1, 446.5, 546),
       (41, 1, '2016-05-05 07:47:59.043000000', 1, 446.5, 659),
       (42, 1, '2016-05-05 07:48:09.047000000', 2, 447.83999999999997, 713),
       (43, 1, '2016-05-05 07:48:32.047000000', 1, 4465, 489),
       (44, 1, '2016-05-05 07:48:51.087000000', 2, 447.83999999999997, 673),
       (45, 1, '2016-05-05 07:48:57.043000000', 2, 447.83999999999997, 679),
       (46, 1, '2016-05-05 07:49:02.050000000', 2, 447.83999999999997, 936),
       (47, 1, '2016-05-05 07:49:19.047000000', 2, 447.83999999999997, 537),
       (48, 1, '2016-05-05 07:49:20.057000000', 1, 446.5, 635),
       (49, 1, '2016-05-05 07:49:21.087000000', 2, 447.83999999999997, 676),
       (50, 1, '2016-05-05 07:49:38.047000000', 2, 447.83999999999997, 690),
       (51, 1, '2016-05-05 07:50:06.153000000', 2, 447.85000000000002, 458),
       (52, 1, '2016-05-05 07:50:17.047000000', 2, 447.85000000000002, 532),
       (53, 1, '2016-05-05 07:50:25.053000000', 1, 446.50999999999999, 1276),
       (54, 1, '2016-05-05 07:50:26.087000000', 2, 447.85000000000002, 1147),
       (55, 1, '2016-05-05 07:50:40.053000000', 1, 446.50999999999999, 651),
       (56, 1, '2016-05-05 07:51:17.093000000', 1, 446.50999999999999, 636),
       (57, 1, '2016-05-05 07:51:26.087000000', 2, 447.85000000000002, 675),
       (58, 1, '2016-05-05 07:51:31.127000000', 2, 447.85000000000002, 890),
       (59, 1, '2016-05-05 07:51:40.053000000', 2, 447.85000000000002, 1041),
       (60, 1, '2016-05-05 07:51:54.043000000', 1, 446.54000000000002, 1162),
       (61, 1, '2016-05-05 07:51:57.047000000', 2, 447.88, 1042),
       (62, 1, '2016-05-05 07:53:25.053000000', 1, 446.49000000000001, 888),
       (63, 1, '2016-05-05 07:53:45.067000000', 1, 446.49000000000001, 536),
       (64, 1, '2016-05-05 07:53:47.047000000', 1, 446.49000000000001, 775),
       (65, 1, '2016-05-05 07:54:05.077000000', 1, 446.51999999999998, 626),
       (66, 1, '2016-05-05 07:54:33.043000000', 1, 446.51999999999998, 476),
       (67, 1, '2016-05-05 07:54:50.563000000', 2, 447.87, 466),
       (68, 1, '2016-05-05 07:54:52.047000000', 2, 447.87, 875),
       (69, 1, '2016-05-05 07:55:17.047000000', 2, 447.87, 541),
       (70, 1, '2016-05-05 07:57:13.087000000', 1, 446.52999999999997, 1088),
       (71, 1, '2016-05-05 07:57:29.047000000', 2, 447.87, 907),
       (72, 1, '2016-05-05 07:57:39.043000000', 1, 446.52999999999997, 1085),
       (73, 1, '2016-05-05 07:57:45.067000000', 1, 446.52999999999997, 829),
       (74, 1, '2016-05-05 07:58:17.047000000', 2, 447.86000000000001, 1282),
       (75, 1, '2016-05-05 07:58:27.043000000', 1, 446.51999999999998, 1412),
       (76, 1, '2016-05-05 07:58:34.047000000', 1, 446.51999999999998, 809),
       (77, 1, '2016-05-05 07:58:39.047000000', 1, 446.51999999999998, 515),
       (78, 1, '2016-05-05 07:58:55.060000000', 1, 446.51999999999998, 725),
       (79, 1, '2016-05-05 07:59:03.047000000', 2, 447.86000000000001, 1143),
       (80, 1, '2016-05-05 07:59:13.047000000', 1, 446.51999999999998, 1357),
       (81, 1, '2016-05-05 07:59:17.047000000', 1, 446.51999999999998, 457),
       (82, 1, '2016-05-05 07:59:23.047000000', 2, 447.86000000000001, 697),
       (83, 1, '2016-05-05 07:59:29.047000000', 2, 447.86000000000001, 1303),
       (84, 1, '2016-05-05 07:59:39.043000000', 2, 447.86000000000001, 602),
       (85, 1, '2016-05-05 07:59:58.047000000', 1, 446.48000000000002, 772),
       (86, 1, '2016-05-05 08:00:27.047000000', 2, 447.81999999999999, 499),
       (87, 1, '2016-05-05 08:00:40.053000000', 2, 447.81999999999999, 1177),
       (88, 1, '2016-05-05 08:00:46.090000000', 1, 446.48000000000002, 1222),
       (89, 1, '2016-05-05 08:00:48.047000000', 2, 447.81999999999999, 793),
       (90, 1, '2016-05-05 08:01:13.043000000', 1, 446.48000000000002, 510),
       (91, 1, '2016-05-05 08:02:02.050000000', 1, 446.48000000000002, 863),
       (92, 1, '2016-05-05 08:02:06.093000000', 2, 447.81999999999999, 476),
       (93, 1, '2016-05-05 08:02:20.060000000', 2, 447.81999999999999, 1363),
       (94, 1, '2016-05-05 08:02:27.047000000', 1, 446.48000000000002, 640),
       (95, 1, '2016-05-05 08:02:47.097000000', 1, 446.48000000000002, 1331),
       (96, 1, '2016-05-05 08:03:22.047000000', 1, 446.47000000000003, 1064),
       (97, 1, '2016-05-05 08:03:32.047000000', 2, 447.81, 989),
       (98, 1, '2016-05-05 08:03:42.047000000', 1, 446.47000000000003, 1365),
       (99, 1, '2016-05-05 08:03:46.130000000', 2, 447.81, 577),
       (100, 1, '2016-05-05 08:04:15.070000000', 2, 447.81, 472);
COMMIT;
